{"nodes":[[0.9135699298468258,2.7701778385772915,0],[-2.6012132269750614,-2.1956224350205202,0],[4.510410280991401,-2.0588235294117654,0],[3.5257239491191235,0.17099863201094412,0],[0.2981409724266499,-0.6908344733242133,0],[-1.1925647244355502,0.6224350205198359,0],[-1.1241837291666417,2.564979480164159,0],[4.414676887614931,2.031463748290014,0],[3.019704584129202,-1.8946648426812585,0],[5.6045062052939345,-1.2380300957592338,0],[-2.2182796534691738,-0.8686730506155949,0],[-0.030087804864109172,-1.9083447332421344,0],[1.6384084796972536,-0.006839945280437965,0]],"edges":[[4,2,1,6],[0],[0,7,9],[4,8],[5,0,3,12],[4],[0],[2],[10,11,3],[2],[8],[8],[4]]}