{"nodes":[[0.9135699298468258,2.7701778385772915,0],[-2.6012132269750614,-2.1956224350205202,0],[4.510410280991401,-2.0588235294117654,0],[3.5257239491191235,0.17099863201094412,0],[0.2981409724266499,-0.6908344733242133,0],[-1.1925647244355502,0.6224350205198359,0]],"edges":[[4,2,1],[0],[0],[4],[5,0,3],[4]]}