{"nodes":[[-3.0798801938574187,2.2093023255813953,0],[-2.8747372080506945,-0.08891928864569132,0],[-3.0662039948036375,-2.8796169630642954,0],[2.0897230484720493,0.8960328317373462,0],[2.171780242794738,-1.6484268125854995,0]],"edges":[[3,4],[3,4],[4,3],[0,1,2],[1,2,0]]}