{"nodes":[[0.407550564856904,-0.14363885088919282,0],[0.14770278283505353,1.3337893296853625,0],[-1.02845033579017,1.3337893296853625,0],[0.7357793421476643,1.9357045143638851,0],[-1.9310794733397594,2.34610123119015,0],[-1.3977077102422748,2.537619699042408,0],[0.3528457686417781,2.756497948016416,0],[1.0093033232232962,2.7291381668946646,0],[1.6657608778048165,0.4719562243502051,0],[1.132389114707332,0.9507523939808482,0],[1.6384084796972536,1.6894664842681255,0],[0.2981409724266499,-0.5540355677154585,0],[-0.37199278120865087,-1.347469220246238,0],[0.5032839582333767,-1.4979480164158687,0],[-0.3583165821548683,0.03419972640218871,0],[0.8998937307930444,-0.37619699042407695,0],[1.3922368967291845,-0.6361149110807118,0],[1.5426750863207808,-1.1696306429548564,0],[2.158104043740957,-0.5540355677154585,0],[1.6384084796972536,-1.8536251709986318,0],[1.9803134560417952,-1.6757865937072502,0],[2.6094186125157504,-0.7865937072503415,0],[2.6230948115695316,-0.11627906976744207,0]],"edges":[[2,9,1,11,16],[0],[4,5,0],[6,7,9],[2],[2],[3],[3],[9],[0,10,8,3],[9],[13,0],[13],[11,15,12,14],[13],[13],[0,18,17],[16,19,20],[16,22,21],[17],[17],[18],[18]]}