{"nodes":[[-3.353404174933052,0.8823529411764708,0],[-2.4644512364372444,2.756497948016416,0],[2.4453042238703704,0.32147742818057434,0],[4.893343854497288,2.0998632010943914,0],[6.89006891634941,-2.0314637482900135,0],[3.019704584129202,-2.9890560875512993,0],[-0.7686025537683184,-0.7455540355677159,0],[-1.725936487533035,-2.948016415868673,0],[1.6384084796972536,-1.3748290013679887,0],[1.5563512853745645,2.1956224350205202,0]],"edges":[[1,3],[6,0,7],[9,6],[0,6,8,5],[8,5,7],[3,4],[1,3,9,2,8],[1,4],[3,9,6,4],[6,2,8]]}